Strain : Tensile strain (Extension) gauge length,100,mm,,,,
,,,,,,
Time,Extension,Load,,,,
(s),(mm),(N),Low Start,Low End,High Start,High End
0,0,0.22325,1189,1580,1648,1738
0.1,0.04912,0.37909,,,,
0.2,0.14932,0.79376,,,,
0.3,0.24366,1.35851,,,,
0.4,0.33745,2.09747,,,,
0.5,0.43106,3.03579,,,,
0.6,0.52485,4.20079,,,,
0.7,0.61842,5.61704,,,,
0.8,0.71213,7.36267,,,,
0.9,0.80585,9.47367,,,,
1,0.89956,12.05463,,,,
1.04,0.93717,13.21138,,,,
1.041,0.93811,13.2407,,,,
1.042,0.93904,13.27013,,,,
1.142,0.91879,10.69286,,,,
1.242,0.82001,6.41056,,,,
1.342,0.7256,3.88551,,,,
1.442,0.63185,2.29987,,,,
1.542,0.53806,1.31795,,,,
1.642,0.44435,0.72757,,,,
1.742,0.35063,0.39013,,,,
1.842,0.2569,0.20517,,,,
1.942,0.16312,0.09929,,,,
2.042,0.06954,0.0586,,,,
2.117,-0.00055,0.044,,,,
2.118,-0.00149,0.04394,,,,
2.119,-0.00244,0.04382,,,,
2.219,0.01782,0.07828,,,,
2.319,0.1167,0.1396,,,,
2.419,0.21157,0.28445,,,,
2.519,0.30512,0.57494,,,,
2.619,0.39916,1.07094,,,,
2.719,0.49249,1.82542,,,,
2.819,0.58655,2.95088,,,,
2.919,0.67985,4.52525,,,,
3.019,0.77392,6.6789,,,,
3.119,0.8672,9.53063,,,,
3.194,0.93789,12.1403,,,,
3.195,0.93882,12.17665,,,,
3.196,0.93976,12.21301,,,,
3.296,0.91944,10.04545,,,,
3.396,0.82069,5.89417,,,,
3.496,0.72633,3.49665,,,,
3.596,0.63256,2.01943,,,,
3.696,0.53877,1.12485,,,,
3.796,0.44507,0.60285,,,,
3.896,0.35137,0.31057,,,,
3.996,0.25762,0.16132,,,,
4.096,0.16385,0.0924,,,,
4.196,0.07028,0.05684,,,,
4.272,-0.0008,0.03244,,,,
4.273,-0.00174,0.03234,,,,
4.274,-0.00268,0.03223,,,,
4.374,0.01753,0.06316,,,,
4.474,0.11642,0.11013,,,,
4.574,0.21128,0.22251,,,,
4.674,0.30483,0.44963,,,,
4.774,0.39886,0.87174,,,,
4.874,0.4922,1.5428,,,,
4.974,0.58625,2.57598,,,,
5.074,0.67955,4.06048,,,,
5.174,0.77363,6.1526,,,,
5.274,0.8669,8.98084,,,,
5.349,0.93759,11.63737,,,,
5.35,0.93853,11.67563,,,,
5.351,0.93946,11.71399,,,,
5.451,0.91925,9.67791,,,,
5.551,0.82045,5.61727,,,,
5.651,0.72607,3.28139,,,,
5.751,0.6323,1.87464,,,,
5.851,0.53851,1.02177,,,,
5.951,0.44482,0.54116,,,,
6.051,0.35109,0.27908,,,,
6.151,0.25737,0.13784,,,,
6.251,0.1636,0.0717,,,,
6.351,0.07002,0.04504,,,,
6.426,-0.00011,0.02868,,,,
6.427,-0.00106,0.02865,,,,
6.428,-0.002,0.02859,,,,
6.528,0.01812,0.06037,,,,
6.628,0.11703,0.10168,,,,
6.728,0.21191,0.19094,,,,
6.828,0.30543,0.39333,,,,
6.928,0.39945,0.77896,,,,
7.028,0.4928,1.40479,,,,
7.128,0.58688,2.37963,,,,
7.228,0.68014,3.81998,,,,
7.328,0.77423,5.86699,,,,
7.428,0.86752,8.68597,,,,
7.502,0.93728,11.32724,,,,
7.503,0.93822,11.36583,,,,
7.504,0.93915,11.40439,,,,
7.604,0.91891,9.43519,,,,
7.704,0.82014,5.42744,,,,
7.804,0.72576,3.14496,,,,
7.904,0.632,1.77247,,,,
8.004,0.5382,0.96474,,,,
8.104,0.44452,0.50432,,,,
8.204,0.35081,0.24727,,,,
8.304,0.25703,0.13059,,,,
8.404,0.16329,0.07462,,,,
8.504,0.0697,0.04574,,,,
8.579,-0.00041,0.03514,,,,
8.58,-0.00135,0.03488,,,,
8.581,-0.0023,0.03466,,,,
8.681,0.01766,0.04587,,,,
8.781,0.11662,0.09325,,,,
8.881,0.21152,0.17541,,,,
8.981,0.30502,0.36387,,,,
9.081,0.39906,0.71361,,,,
9.181,0.49244,1.30511,,,,
9.281,0.58649,2.24378,,,,
9.381,0.67975,3.63596,,,,
9.481,0.77386,5.65825,,,,
9.581,0.8671,8.43896,,,,
9.656,0.93782,11.12866,,,,
9.657,0.93876,11.16721,,,,
9.658,0.93969,11.2058,,,,
9.758,0.91964,9.29809,,,,
9.858,0.82075,5.30799,,,,
9.958,0.72638,3.04448,,,,
10.058,0.63261,1.70069,,,,
10.158,0.53881,0.91225,,,,
10.258,0.44512,0.46924,,,,
10.358,0.35144,0.23108,,,,
10.458,0.25764,0.11785,,,,
10.558,0.1639,0.06553,,,,
10.658,0.07031,0.037,,,,
10.734,-0.00074,0.03073,,,,
10.735,-0.00169,0.03042,,,,
10.736,-0.00263,0.03003,,,,
10.836,0.01707,0.04791,,,,
10.936,0.11621,0.08584,,,,
11.036,0.21117,0.16553,,,,
11.136,0.30465,0.32992,,,,
11.236,0.39867,0.6639,,,,
11.336,0.49207,1.22662,,,,
11.436,0.58612,2.13368,,,,
11.536,0.67939,3.50747,,,,
11.636,0.77349,5.49316,,,,
11.736,0.86672,8.25484,,,,
11.811,0.93746,10.9399,,,,
11.812,0.9384,10.97854,,,,
11.813,0.93933,11.01731,,,,
11.913,0.91926,9.13511,,,,
12.013,0.82036,5.18258,,,,
12.113,0.72601,2.96095,,,,
12.213,0.63224,1.64065,,,,
12.313,0.53845,0.8734,,,,
12.413,0.44476,0.43872,,,,
12.513,0.35105,0.21189,,,,
12.613,0.2573,0.10943,,,,
12.713,0.16352,0.06818,,,,
12.813,0.06994,0.03675,,,,
12.888,-0.00018,0.02888,,,,
12.889,-0.00112,0.02882,,,,
12.89,-0.00207,0.02864,,,,
12.99,0.01784,0.04321,,,,
13.09,0.11679,0.09093,,,,
13.19,0.21174,0.15831,,,,
13.29,0.30521,0.31115,,,,
13.39,0.39924,0.62478,,,,
13.49,0.49262,1.17302,,,,
13.59,0.58669,2.07316,,,,
13.69,0.67995,3.41062,,,,
13.79,0.77406,5.38711,,,,
13.89,0.86729,8.13778,,,,
13.964,0.93708,10.79017,,,,
13.965,0.93801,10.82946,,,,
13.966,0.93895,10.86875,,,,
14.066,0.91889,9.00177,,,,
14.166,0.82002,5.08651,,,,
14.266,0.72564,2.88578,,,,
14.366,0.63187,1.5886,,,,
14.466,0.53809,0.83254,,,,
14.566,0.4444,0.42842,,,,
14.666,0.35068,0.2108,,,,
14.766,0.25695,0.10561,,,,
14.866,0.16317,0.06009,,,,
14.966,0.06959,0.03214,,,,
15.041,-0.00051,0.02865,,,,
15.042,-0.00146,0.02873,,,,
15.043,-0.0024,0.02871,,,,
15.143,0.01743,0.0444,,,,
15.243,0.11639,0.08137,,,,
15.343,0.21132,0.15123,,,,
15.443,0.30481,0.29998,,,,
15.543,0.39885,0.60023,,,,
15.643,0.49223,1.12509,,,,
15.743,0.58628,2.00138,,,,
15.843,0.67955,3.31544,,,,
15.943,0.77365,5.26285,,,,
16.043,0.86688,8.00599,,,,
16.118,0.9376,10.68484,,,,
16.119,0.93853,10.72367,,,,
16.12,0.93947,10.76249,,,,
16.22,0.91948,8.92486,,,,
16.32,0.82058,5.02459,,,,
16.42,0.72621,2.83345,,,,
16.52,0.63243,1.55179,,,,
16.62,0.53865,0.80827,,,,
16.72,0.44495,0.40724,,,,
16.82,0.35122,0.20197,,,,
16.92,0.2575,0.09607,,,,
17.02,0.1637,0.06074,,,,
17.12,0.07015,0.03977,,,,
17.196,-0.00091,0.02633,,,,
17.197,-0.00186,0.02563,,,,
17.198,-0.0028,0.02498,,,,
17.298,0.0169,0.04053,,,,
17.398,0.11594,0.07958,,,,
17.498,0.21088,0.13877,,,,
17.598,0.30434,0.28168,,,,
17.698,0.3984,0.57271,,,,
17.798,0.49176,1.08851,,,,
17.898,0.58582,1.9397,,,,
17.998,0.67909,3.23833,,,,
18.098,0.77321,5.1708,,,,
18.198,0.86642,7.89654,,,,
18.273,0.93715,10.57049,,,,
18.274,0.93808,10.60955,,,,
18.275,0.93902,10.64869,,,,
18.375,0.91898,8.82351,,,,
18.475,0.82011,4.94688,,,,
18.575,0.72575,2.7834,,,,
18.675,0.63197,1.51232,,,,
18.775,0.53818,0.79281,,,,
18.875,0.44451,0.39315,,,,
18.975,0.35079,0.19112,,,,
19.075,0.25705,0.10071,,,,
19.175,0.16326,0.0577,,,,
19.275,0.06972,0.03742,,,,
19.35,-0.00043,0.01585,,,,
19.351,-0.00137,0.01542,,,,
19.352,-0.00231,0.01489,,,,
19.452,0.01733,0.04038,,,,
19.552,0.11641,0.06976,,,,
19.652,0.21135,0.12984,,,,
19.752,0.30481,0.26906,,,,
19.852,0.39888,0.55235,,,,
19.952,0.49223,1.04946,,,,
20.052,0.5863,1.89769,,,,
20.152,0.67957,3.18251,,,,
20.252,0.77367,5.10207,,,,
20.352,0.86689,7.82608,,,,
20.427,0.93762,10.4947,,,,
20.428,0.93855,10.53381,,,,
20.429,0.93949,10.57308,,,,
20.529,0.91942,8.76002,,,,
20.629,0.82056,4.89744,,,,
20.729,0.72622,2.74078,,,,
20.829,0.63244,1.48002,,,,
20.929,0.53866,0.77337,,,,
21.029,0.44498,0.38039,,,,
21.129,0.35124,0.18095,,,,
21.229,0.25751,0.09194,,,,
21.329,0.16371,0.05959,,,,
21.429,0.07018,0.03248,,,,
21.505,-0.0009,0.02538,,,,
21.506,-0.00184,0.02522,,,,
21.507,-0.00279,0.02495,,,,
21.607,0.01685,0.04131,,,,
21.707,0.11595,0.06568,,,,
21.807,0.21086,0.13623,,,,
21.907,0.3043,0.26171,,,,
22.007,0.39841,0.52766,,,,
22.107,0.49175,1.02477,,,,
22.207,0.58582,1.84664,,,,
22.307,0.6791,3.12078,,,,
22.407,0.77318,5.01732,,,,
22.507,0.86642,7.72734,,,,
22.582,0.93714,10.39633,,,,
22.583,0.93808,10.43562,,,,
22.584,0.93901,10.47494,,,,
22.684,0.91903,8.67778,,,,
22.784,0.82008,4.8288,,,,
22.884,0.72573,2.69262,,,,
22.984,0.63197,1.44828,,,,
23.084,0.5382,0.74488,,,,
23.184,0.44451,0.37393,,,,
23.284,0.35079,0.18109,,,,
23.384,0.25705,0.09261,,,,
23.484,0.16324,0.05391,,,,
23.584,0.06971,0.03325,,,,
23.659,-0.00042,0.02067,,,,
23.66,-0.00136,0.0209,,,,
23.661,-0.00231,0.02118,,,,
23.761,0.01737,0.04474,,,,
23.861,0.11643,0.06969,,,,
23.961,0.21131,0.13232,,,,
24.061,0.30474,0.2454,,,,
24.161,0.39888,0.51557,,,,
24.261,0.49221,0.99588,,,,
24.361,0.58627,1.81761,,,,
24.461,0.67954,3.07577,,,,
24.561,0.77364,4.97119,,,,
24.661,0.86687,7.67542,,,,
24.736,0.9376,10.34612,,,,
24.737,0.93853,10.38501,,,,
24.738,0.93947,10.42405,,,,
24.838,0.91946,8.62881,,,,
24.938,0.82054,4.79426,,,,
25.038,0.72621,2.66691,,,,
25.138,0.63243,1.43481,,,,
25.238,0.53868,0.73539,,,,
25.338,0.44497,0.35962,,,,
25.438,0.35126,0.18062,,,,
25.538,0.25754,0.09199,,,,
25.638,0.16376,0.0569,,,,
25.738,0.07018,0.03203,,,,
25.814,-0.00089,0.02165,,,,
25.815,-0.00183,0.02174,,,,
25.816,-0.00278,0.0219,,,,
25.916,0.01686,0.03955,,,,
26.016,0.11593,0.07678,,,,
26.116,0.21082,0.1231,,,,
26.216,0.30425,0.24,,,,
26.316,0.39839,0.49718,,,,
26.416,0.49169,0.97104,,,,
26.516,0.58576,1.7753,,,,
26.616,0.67904,3.03123,,,,
26.716,0.77316,4.90594,,,,
26.816,0.86636,7.58879,,,,
26.891,0.93709,10.2556,,,,
26.892,0.93803,10.29473,,,,
26.893,0.93896,10.33406,,,,
26.993,0.91902,8.56028,,,,
27.093,0.82007,4.73545,,,,
27.193,0.72574,2.62587,,,,
27.293,0.63198,1.40373,,,,
27.393,0.53822,0.71775,,,,
27.493,0.44451,0.35652,,,,
27.593,0.35077,0.17265,,,,
27.693,0.25707,0.09245,,,,
27.793,0.16332,0.04789,,,,
27.893,0.06971,0.03061,,,,
27.968,-0.00041,0.02111,,,,
27.969,-0.00135,0.02084,,,,
27.97,-0.0023,0.02056,,,,
28.07,0.01713,0.04236,,,,
28.17,0.11639,0.066,,,,
28.27,0.21125,0.12882,,,,
28.37,0.3047,0.22941,,,,
28.47,0.39882,0.4966,,,,
28.57,0.49213,0.9477,,,,
28.67,0.5862,1.74271,,,,
28.77,0.67948,2.98767,,,,
28.87,0.7736,4.86157,,,,
28.97,0.86682,7.55306,,,,
29.045,0.93753,10.21367,,,,
29.046,0.93847,10.25268,,,,
29.047,0.9394,10.29172,,,,
29.147,0.91952,8.51672,,,,
29.247,0.82053,4.70151,,,,
29.347,0.72621,2.60256,,,,
29.447,0.63244,1.38151,,,,
29.547,0.53868,0.71009,,,,
29.647,0.44495,0.3459,,,,
29.747,0.35124,0.16634,,,,
29.847,0.25751,0.0903,,,,
29.947,0.16378,0.05615,,,,
30.047,0.07014,0.03516,,,,
30.123,-0.00088,0.01885,,,,
30.124,-0.00183,0.01845,,,,
30.125,-0.00277,0.01802,,,,
30.225,0.01675,0.03765,,,,
30.325,0.1159,0.06931,,,,
30.425,0.21073,0.11427,,,,
30.525,0.30423,0.23389,,,,
30.625,0.39829,0.47729,,,,
30.725,0.49164,0.93278,,,,
30.825,0.5857,1.71099,,,,
30.925,0.67897,2.93716,,,,
31.025,0.77308,4.80193,,,,
31.125,0.86631,7.47524,,,,
31.201,0.93793,10.16656,,,,
31.202,0.93886,10.20553,,,,
31.203,0.93979,10.24448,,,,
31.303,0.92007,8.49154,,,,
31.403,0.82101,4.67087,,,,
31.503,0.72667,2.57983,,,,
31.603,0.6329,1.36641,,,,
31.703,0.53914,0.69619,,,,
31.803,0.44543,0.33817,,,,
31.903,0.35171,0.16012,,,,
32.003,0.25793,0.08349,,,,
32.103,0.16424,0.05496,,,,
32.203,0.0706,0.03278,,,,
32.279,-0.00041,0.0249,,,,
32.28,-0.00136,0.02492,,,,
32.281,-0.0023,0.02481,,,,
32.381,0.01723,0.0382,,,,
32.481,0.11637,0.06618,,,,
32.581,0.21121,0.11733,,,,
32.681,0.30469,0.22783,,,,
32.781,0.39875,0.46376,,,,
32.881,0.49211,0.91325,,,,
32.981,0.58617,1.69111,,,,
33.081,0.67945,2.90787,,,,
33.181,0.77356,4.76902,,,,
33.281,0.86679,7.42987,,,,
33.356,0.93744,10.08515,,,,
33.357,0.93837,10.12427,,,,
33.358,0.9393,10.16344,,,,
33.458,0.91939,8.42274,,,,
33.558,0.82052,4.62067,,,,
33.658,0.72617,2.54279,,,,
33.758,0.63241,1.34454,,,,
33.858,0.53865,0.68341,,,,
33.958,0.44494,0.32917,,,,
34.058,0.3512,0.1566,,,,
34.158,0.25746,0.07639,,,,
34.258,0.16377,0.05318,,,,
34.358,0.0701,0.02809,,,,
34.434,-0.00092,0.01978,,,,
34.435,-0.00186,0.01985,,,,
34.436,-0.0028,0.01987,,,,
34.536,0.01653,0.0356,,,,
34.636,0.11581,0.06525,,,,
34.736,0.21067,0.11064,,,,
34.836,0.30414,0.21794,,,,
34.936,0.39822,0.44908,,,,
35.036,0.49156,0.89403,,,,
35.136,0.58564,1.66189,,,,
35.236,0.67891,2.86839,,,,
35.336,0.77301,4.70504,,,,
35.436,0.86628,7.37041,,,,
35.512,0.93779,10.04906,,,,
35.513,0.93872,10.08804,,,,
35.514,0.93965,10.12702,,,,
35.614,0.92004,8.38675,,,,
35.714,0.821,4.60015,,,,
35.814,0.72663,2.517,,,,
35.914,0.63288,1.33122,,,,
36.014,0.53911,0.67053,,,,
36.114,0.44542,0.32279,,,,
36.214,0.35165,0.15536,,,,
36.314,0.25791,0.08803,,,,
36.414,0.16421,0.05061,,,,
36.514,0.07056,0.0298,,,,
36.59,-0.00046,0.02235,,,,
36.591,-0.0014,0.02195,,,,
36.592,-0.00234,0.02149,,,,
36.692,0.01712,0.03325,,,,
36.792,0.11631,0.05599,,,,
36.892,0.21117,0.10752,,,,
36.992,0.30462,0.21598,,,,
37.092,0.39869,0.44776,,,,
37.192,0.49202,0.87546,,,,
37.292,0.58612,1.63641,,,,
37.392,0.67938,2.83581,,,,
37.492,0.77349,4.67704,,,,
37.592,0.86676,7.33118,,,,
37.667,0.93739,9.9768,,,,
37.668,0.93833,10.01637,,,,
37.669,0.93927,10.05608,,,,
37.769,0.91951,8.32839,,,,
37.869,0.82057,4.55621,,,,
37.969,0.72619,2.48424,,,,
38.069,0.63244,1.30738,,,,
38.169,0.53868,0.65489,,,,
38.269,0.445,0.31974,,,,
38.369,0.35124,0.15118,,,,
38.469,0.25749,0.07912,,,,
38.569,0.16379,0.04705,,,,
38.669,0.07016,0.0289,,,,
38.745,-0.0009,0.02516,,,,
38.746,-0.00185,0.02511,,,,
38.747,-0.00279,0.02495,,,,
38.847,0.01679,0.03976,,,,
38.947,0.1159,0.06214,,,,
39.047,0.21074,0.11336,,,,
39.147,0.30422,0.22004,,,,
39.247,0.39827,0.43512,,,,
39.347,0.4916,0.85835,,,,
39.447,0.5857,1.61092,,,,
39.547,0.67896,2.801,,,,
39.647,0.77308,4.62673,,,,
39.747,0.86631,7.2703,,,,
39.822,0.93703,9.91483,,,,
39.823,0.93796,9.9539,,,,
39.824,0.9389,9.99305,,,,
39.924,0.9191,8.26869,,,,
40.024,0.82011,4.51041,,,,
40.124,0.72573,2.45227,,,,
40.224,0.63198,1.28451,,,,
40.324,0.5382,0.64435,,,,
40.424,0.44455,0.31665,,,,
40.524,0.35076,0.15039,,,,
40.624,0.25702,0.08502,,,,
40.724,0.16333,0.04351,,,,
40.824,0.06973,0.03195,,,,
40.899,-0.00043,0.02278,,,,
40.9,-0.00137,0.02325,,,,
40.901,-0.00232,0.02368,,,,
41.001,0.01726,0.02728,,,,
41.101,0.11637,0.06985,,,,
41.201,0.2112,0.10912,,,,
41.301,0.30469,0.20541,,,,
41.401,0.39874,0.42598,,,,
41.501,0.49207,0.84911,,,,
41.601,0.58618,1.5898,,,,
41.701,0.67943,2.78351,,,,
41.801,0.77354,4.60367,,,,
41.901,0.86676,7.2427,,,,
41.976,0.9375,9.89648,,,,
41.977,0.93844,9.93521,,,,
41.978,0.93937,9.97405,,,,
42.078,0.91956,8.24021,,,,
42.178,0.82056,4.48319,,,,
42.278,0.72619,2.43657,,,,
42.378,0.63244,1.27734,,,,
42.478,0.53867,0.63657,,,,
42.578,0.44501,0.30644,,,,
42.678,0.35123,0.14738,,,,
42.778,0.25749,0.07744,,,,
42.878,0.16379,0.05062,,,,
42.978,0.07023,0.0293,,,,
43.054,-0.00093,0.01445,,,,
43.055,-0.00187,0.01424,,,,
43.056,-0.00281,0.01408,,,,
43.156,0.01663,0.03263,,,,
43.256,0.11584,0.0553,,,,
43.356,0.21069,0.10612,,,,
43.456,0.30415,0.19642,,,,
43.556,0.39824,0.41071,,,,
43.656,0.49155,0.82784,,,,
43.756,0.58567,1.56869,,,,
43.856,0.67891,2.74474,,,,
43.956,0.77303,4.56301,,,,
44.056,0.86626,7.18619,,,,
44.132,0.93791,9.86627,,,,
44.133,0.93885,9.90593,,,,
44.134,0.93978,9.94579,,,,
44.234,0.91997,8.22658,,,,
44.334,0.82098,4.47132,,,,
44.434,0.7266,2.42534,,,,
44.534,0.63283,1.26495,,,,
44.634,0.53907,0.6304,,,,
44.734,0.44541,0.30296,,,,
44.834,0.35164,0.14072,,,,
44.934,0.25789,0.07353,,,,
45.034,0.16419,0.04465,,,,
45.134,0.07064,0.02543,,,,
45.21,-0.00054,0.0177,,,,
45.211,-0.00148,0.01799,,,,
45.212,-0.00242,0.01819,,,,
45.312,0.01712,0.03176,,,,
45.412,0.11627,0.0597,,,,
45.512,0.21112,0.11184,,,,
45.612,0.30458,0.19576,,,,
45.712,0.39866,0.40558,,,,
45.812,0.49198,0.82392,,,,
45.912,0.58608,1.56348,,,,
46.012,0.67935,2.72297,,,,
46.112,0.77345,4.53266,,,,
46.212,0.86671,7.16516,,,,
46.287,0.93738,9.80793,,,,
46.288,0.93832,9.84701,,,,
46.289,0.93925,9.88618,,,,
46.389,0.91952,8.17259,,,,
46.489,0.82048,4.43053,,,,
46.589,0.7261,2.39262,,,,
46.689,0.63235,1.24174,,,,
46.789,0.53857,0.62533,,,,
46.889,0.44492,0.29859,,,,
46.989,0.35115,0.14577,,,,
47.089,0.25739,0.073,,,,
47.189,0.16367,0.0447,,,,
47.289,0.07014,0.02982,,,,
47.364,-0.0001,0.01472,,,,
47.365,-0.00104,0.01467,,,,
47.366,-0.00198,0.01467,,,,
47.466,0.01747,0.03726,,,,
47.566,0.11671,0.06172,,,,
47.666,0.21156,0.10427,,,,
47.766,0.305,0.19712,,,,
47.866,0.39907,0.41018,,,,
47.966,0.4924,0.81286,,,,
48.066,0.58652,1.54011,,,,
48.166,0.67977,2.69816,,,,
48.266,0.7739,4.51194,,,,
48.366,0.86714,7.14891,,,,
48.441,0.93783,9.79513,,,,
48.442,0.93876,9.83419,,,,
48.443,0.9397,9.87335,,,,
48.543,0.92004,8.15404,,,,
48.643,0.82095,4.4102,,,,
48.743,0.72656,2.38009,,,,
48.843,0.6328,1.23536,,,,
48.943,0.53904,0.61141,,,,
49.043,0.44537,0.29265,,,,
49.143,0.35157,0.14507,,,,
49.243,0.25782,0.07392,,,,
49.343,0.16413,0.04499,,,,
49.443,0.07059,0.02746,,,,
49.519,-0.00057,0.01753,,,,
49.52,-0.00151,0.01725,,,,
49.521,-0.00245,0.0169,,,,
49.621,0.01695,0.0326,,,,
49.721,0.1162,0.05751,,,,
49.821,0.21103,0.10014,,,,
49.921,0.30451,0.18842,,,,
50.021,0.39856,0.3999,,,,
50.121,0.49191,0.80065,,,,
50.221,0.58599,1.51631,,,,
50.321,0.67928,2.6805,,,,
50.421,0.77337,4.47017,,,,
50.521,0.86662,7.09754,,,,
50.596,0.93731,9.73409,,,,
50.597,0.93825,9.77299,,,,
50.598,0.93918,9.81193,,,,
50.698,0.91936,8.09805,,,,
50.798,0.82039,4.37718,,,,
50.898,0.72602,2.35481,,,,
50.998,0.63234,1.21889,,,,
51.098,0.53841,0.60676,,,,
51.198,0.44481,0.29398,,,,
51.298,0.35105,0.14096,,,,
51.398,0.25729,0.07532,,,,
51.498,0.16358,0.04331,,,,
51.598,0.07001,0.02421,,,,
51.673,-0.00011,0.02494,,,,
51.674,-0.00105,0.02474,,,,
51.675,-0.002,0.02439,,,,
51.775,0.01756,0.03767,,,,
51.875,0.11666,0.06384,,,,
51.975,0.21148,0.10365,,,,
52.075,0.30498,0.1886,,,,
52.175,0.39903,0.39336,,,,
52.275,0.49236,0.79864,,,,
52.375,0.58644,1.51318,,,,
52.475,0.67973,2.65773,,,,
52.575,0.77385,4.4558,,,,
52.675,0.86708,7.08339,,,,
52.75,0.93775,9.72162,,,,
52.751,0.93868,9.7611,,,,
52.752,0.93962,9.80061,,,,
52.852,0.91985,8.08907,,,,
52.952,0.82086,4.36423,,,,
53.052,0.72648,2.34092,,,,
53.152,0.63278,1.21122,,,,
53.252,0.53894,0.59587,,,,
53.352,0.44525,0.2859,,,,
53.452,0.35153,0.13425,,,,
53.552,0.25777,0.07528,,,,
53.652,0.16406,0.04897,,,,
53.752,0.07047,0.02753,,,,
53.828,-0.00059,0.02116,,,,
53.829,-0.00153,0.02099,,,,
53.83,-0.00248,0.02085,,,,
53.93,0.01691,0.0304,,,,
54.03,0.11612,0.06018,,,,
54.13,0.21096,0.10431,,,,
54.23,0.30444,0.18492,,,,
54.33,0.39851,0.38214,,,,
54.43,0.49185,0.78002,,,,
54.53,0.58593,1.49238,,,,
54.63,0.6792,2.63348,,,,
54.73,0.77335,4.41667,,,,
54.83,0.86656,7.02357,,,,
54.905,0.93725,9.67711,,,,
54.906,0.93818,9.71565,,,,
54.907,0.93911,9.75433,,,,
55.007,0.91932,8.03814,,,,
55.107,0.82034,4.33714,,,,
55.207,0.72595,2.32165,,,,
55.307,0.63223,1.2014,,,,
55.407,0.53847,0.58917,,,,
55.507,0.4447,0.27812,,,,
55.607,0.35098,0.13928,,,,
55.707,0.25725,0.07019,,,,
55.807,0.16351,0.04944,,,,
55.907,0.06994,0.02398,,,,
55.982,-0.00019,0.01542,,,,
55.983,-0.00113,0.01524,,,,
55.984,-0.00207,0.0152,,,,
56.084,0.01744,0.03835,,,,
56.184,0.11656,0.05732,,,,
56.284,0.21138,0.09998,,,,
56.384,0.30487,0.18782,,,,
56.484,0.39893,0.37296,,,,
56.584,0.49229,0.77623,,,,
56.684,0.58634,1.47577,,,,
56.784,0.67962,2.62328,,,,
56.884,0.77377,4.40928,,,,
56.984,0.86699,7.01968,,,,
57.059,0.93767,9.65073,,,,
57.06,0.9386,9.69016,,,,
57.061,0.93954,9.72973,,,,
57.161,0.91972,8.02988,,,,
57.261,0.82077,4.32423,,,,
57.361,0.72638,2.31561,,,,
57.461,0.63265,1.19077,,,,
57.561,0.53892,0.58036,,,,
57.661,0.44512,0.27631,,,,
57.761,0.35143,0.1398,,,,
57.861,0.25768,0.06702,,,,
57.961,0.16397,0.04012,,,,
58.061,0.07038,0.02174,,,,
58.137,-0.00069,0.0174,,,,
58.138,-0.00163,0.01724,,,,
58.139,-0.00258,0.01702,,,,
58.239,0.01683,0.03161,,,,
58.339,0.11603,0.06246,,,,
58.439,0.21085,0.09613,,,,
58.539,0.30435,0.18313,,,,
58.639,0.39842,0.37384,,,,
58.739,0.49177,0.76216,,,,
58.839,0.58583,1.45404,,,,
58.939,0.6791,2.59283,,,,
59.039,0.77326,4.36406,,,,
59.139,0.86646,6.97403,,,,
59.214,0.93717,9.60765,,,,
59.215,0.9381,9.64629,,,,
59.216,0.93904,9.68497,,,,
59.316,0.91939,7.98743,,,,
59.416,0.82031,4.28997,,,,
59.516,0.7259,2.28876,,,,
59.616,0.63216,1.17481,,,,
59.716,0.53845,0.57657,,,,
59.816,0.44462,0.26872,,,,
59.916,0.35096,0.13429,,,,
60.016,0.2572,0.07317,,,,
60.116,0.16346,0.04232,,,,
60.216,0.06989,0.02136,,,,
60.291,-0.00024,0.01355,,,,
60.292,-0.00118,0.01363,,,,
60.293,-0.00212,0.01369,,,,
60.393,0.01721,0.03441,,,,
60.493,0.11646,0.05743,,,,
60.593,0.21131,0.09372,,,,
60.693,0.30477,0.16895,,,,
60.793,0.39887,0.37385,,,,
60.893,0.49221,0.7536,,,,
60.993,0.58628,1.44391,,,,
61.093,0.67954,2.57597,,,,
61.193,0.77372,4.35367,,,,
61.293,0.86692,6.96086,,,,
61.368,0.93761,9.59736,,,,
61.369,0.93854,9.63655,,,,
61.37,0.93947,9.67581,,,,
61.47,0.91958,7.96554,,,,
61.57,0.82067,4.28515,,,,
61.67,0.72629,2.28634,,,,
61.77,0.63254,1.17188,,,,
61.87,0.53886,0.57327,,,,
61.97,0.44499,0.26829,,,,
62.07,0.35135,0.13422,,,,
62.17,0.2576,0.07151,,,,
62.27,0.16386,0.04109,,,,
62.37,0.07029,0.0244,,,,
62.446,-0.00079,0.01823,,,,
62.447,-0.00174,0.01828,,,,
62.448,-0.00268,0.01825,,,,
62.548,0.01669,0.04035,,,,
62.648,0.11591,0.05452,,,,
62.748,0.21077,0.09995,,,,
62.848,0.30423,0.17743,,,,
62.948,0.39832,0.36839,,,,
63.048,0.49167,0.74599,,,,
63.148,0.58573,1.42535,,,,
63.248,0.67899,2.55191,,,,
63.348,0.77317,4.31853,,,,
63.448,0.86637,6.91091,,,,
63.523,0.93706,9.54226,,,,
63.524,0.938,9.58171,,,,
63.525,0.93893,9.62128,,,,
63.625,0.91934,7.937,,,,
63.725,0.82021,4.25051,,,,
63.825,0.7258,2.26019,,,,
63.925,0.63204,1.15357,,,,
64.025,0.53835,0.56206,,,,
64.125,0.44451,0.26052,,,,
64.225,0.35082,0.12269,,,,
64.325,0.25713,0.06979,,,,
64.425,0.16335,0.03973,,,,
64.525,0.06978,0.02965,,,,
64.6,-0.00036,0.01866,,,,
64.601,-0.00131,0.01848,,,,
64.602,-0.00225,0.01846,,,,
64.702,0.01714,0.02794,,,,
64.802,0.11635,0.05663,,,,
64.902,0.21123,0.1009,,,,
65.002,0.30466,0.17871,,,,
65.102,0.39878,0.36626,,,,
65.202,0.49212,0.7377,,,,
65.302,0.58616,1.42305,,,,
65.402,0.67944,2.54336,,,,
65.502,0.77361,4.31304,,,,
65.602,0.86682,6.91074,,,,
65.677,0.93751,9.53343,,,,
65.678,0.93844,9.5721,,,,
65.679,0.93937,9.61087,,,,
65.779,0.91953,7.92347,,,,
65.879,0.82061,4.24408,,,,
65.979,0.72619,2.25052,,,,
66.079,0.63245,1.15351,,,,
66.179,0.53876,0.55653,,,,
66.279,0.44495,0.26744,,,,
66.379,0.35124,0.1301,,,,
66.479,0.25753,0.06002,,,,
66.579,0.16378,0.03982,,,,
66.679,0.0702,0.02699,,,,
66.755,-0.00089,0.01148,,,,
66.756,-0.00184,0.01142,,,,
66.757,-0.00278,0.01143,,,,
66.857,0.01652,0.032,,,,
66.957,0.1158,0.05074,,,,
67.057,0.21068,0.09682,,,,
67.157,0.30413,0.1708,,,,
67.257,0.39823,0.35816,,,,
67.357,0.49155,0.72558,,,,
67.457,0.58562,1.40326,,,,
67.557,0.67889,2.52086,,,,
67.657,0.77306,4.27348,,,,
67.757,0.86625,6.85885,,,,
67.833,0.93789,9.52329,,,,
67.834,0.93882,9.56207,,,,
67.835,0.93975,9.6011,,,,
67.935,0.92016,7.92842,,,,
68.035,0.82103,4.23589,,,,
68.135,0.72663,2.2508,,,,
68.235,0.63287,1.14482,,,,
68.335,0.53917,0.56159,,,,
68.435,0.44543,0.26368,,,,
68.535,0.35165,0.13031,,,,
68.635,0.25795,0.06652,,,,
68.735,0.16419,0.04522,,,,
68.835,0.07061,0.01671,,,,
68.911,-0.00047,0.00995,,,,
68.912,-0.00142,0.01006,,,,
68.913,-0.00236,0.01023,,,,
69.013,0.01711,0.03273,,,,
69.113,0.11624,0.05764,,,,
69.213,0.2111,0.09969,,,,
69.313,0.30456,0.17463,,,,
69.413,0.39865,0.34514,,,,
69.513,0.49199,0.71979,,,,
69.613,0.58604,1.3914,,,,
69.713,0.67935,2.50591,,,,
69.813,0.7735,4.26388,,,,
69.913,0.86667,6.84903,,,,
69.988,0.93738,9.47519,,,,
69.989,0.93832,9.51464,,,,
69.99,0.93925,9.55435,,,,
70.09,0.91959,7.88479,,,,
70.19,0.82053,4.20583,,,,
70.29,0.72614,2.22985,,,,
70.39,0.63237,1.12767,,,,
70.49,0.53866,0.55228,,,,
70.59,0.44502,0.26175,,,,
70.69,0.35114,0.12945,,,,
70.79,0.25747,0.06514,,,,
70.89,0.16368,0.04294,,,,
70.99,0.07013,0.02319,,,,
71.065,0,0.01562,,,,
71.066,-0.00094,0.01574,,,,
71.067,-0.00189,0.01578,,,,
71.167,0.01731,0.03061,,,,
71.267,0.11662,0.05761,,,,
71.367,0.21152,0.08673,,,,
71.467,0.30498,0.16895,,,,
71.567,0.39907,0.34481,,,,
71.667,0.49239,0.72209,,,,
71.767,0.58646,1.39439,,,,
71.867,0.67978,2.49505,,,,
71.967,0.7739,4.25405,,,,
72.067,0.8671,6.8445,,,,
72.142,0.9378,9.47584,,,,
72.143,0.93873,9.51512,,,,
72.144,0.93967,9.55448,,,,
72.244,0.92006,7.88429,,,,
72.344,0.82096,4.20097,,,,
72.444,0.72655,2.22485,,,,
72.544,0.63279,1.1237,,,,
72.644,0.53905,0.54659,,,,
72.744,0.44544,0.24309,,,,
72.844,0.35154,0.12569,,,,
72.944,0.25786,0.0663,,,,
73.044,0.16413,0.04438,,,,
73.144,0.07052,0.02381,,,,
73.22,-0.00054,0.01181,,,,
73.221,-0.00148,0.01174,,,,
73.222,-0.00243,0.01159,,,,
73.322,0.01677,0.02913,,,,
73.422,0.11606,0.05192,,,,
73.522,0.21095,0.08858,,,,
73.622,0.30443,0.16154,,,,
73.722,0.39851,0.34765,,,,
73.822,0.49182,0.70663,,,,
73.922,0.58591,1.37188,,,,
74.022,0.67919,2.48773,,,,
74.122,0.77332,4.22155,,,,
74.222,0.86653,6.79767,,,,
74.297,0.93724,9.42706,,,,
74.298,0.93817,9.46621,,,,
74.299,0.9391,9.50541,,,,
74.399,0.91955,7.8371,,,,
74.499,0.82042,4.16622,,,,
74.599,0.72599,2.20809,,,,
74.699,0.63224,1.11482,,,,
74.799,0.53847,0.53671,,,,
74.899,0.4449,0.25925,,,,
74.999,0.35096,0.12539,,,,
75.099,0.25731,0.06574,,,,
75.199,0.16359,0.04542,,,,
75.299,0.06996,0.02521,,,,
75.374,-0.00016,0.01056,,,,
75.375,-0.00111,0.0104,,,,
75.376,-0.00205,0.01024,,,,
75.476,0.0171,0.02584,,,,
75.576,0.11644,0.05103,,,,
75.676,0.21133,0.09314,,,,
75.776,0.30481,0.16243,,,,
75.876,0.39889,0.3414,,,,
75.976,0.49219,0.70086,,,,
76.076,0.58627,1.3585,,,,
76.176,0.67957,2.47354,,,,
76.276,0.7737,4.21421,,,,
76.376,0.86691,6.79311,,,,
76.451,0.93762,9.42553,,,,
76.452,0.93855,9.46454,,,,
76.453,0.93949,9.5036,,,,
76.553,0.91988,7.83936,,,,
76.653,0.8208,4.1662,,,,
76.753,0.72638,2.19684,,,,
76.853,0.63261,1.10979,,,,
76.953,0.53883,0.5393,,,,
77.053,0.44528,0.25216,,,,
77.153,0.35132,0.12033,,,,
77.253,0.2577,0.06671,,,,
77.353,0.16397,0.0419,,,,
77.453,0.07034,0.02108,,,,
77.529,-0.00071,0.01903,,,,
77.53,-0.00166,0.0192,,,,
77.531,-0.0026,0.01941,,,,
77.631,0.01653,0.02909,,,,
77.731,0.11589,0.05365,,,,
77.831,0.21077,0.0944,,,,
77.931,0.30425,0.17058,,,,
78.031,0.39833,0.33429,,,,
78.131,0.49164,0.69895,,,,
78.231,0.58568,1.35603,,,,
78.331,0.67902,2.44241,,,,
78.431,0.77314,4.17866,,,,
78.531,0.86636,6.75838,,,,
78.606,0.93705,9.37538,,,,
78.607,0.93798,9.41456,,,,
78.608,0.93892,9.45387,,,,
78.708,0.91929,7.79442,,,,
78.808,0.82023,4.138,,,,
78.908,0.72581,2.17833,,,,
79.008,0.63205,1.09903,,,,
79.108,0.53827,0.52766,,,,
79.208,0.44474,0.24576,,,,
79.308,0.35075,0.12124,,,,
79.408,0.25715,0.06307,,,,
79.508,0.1634,0.03412,,,,
79.608,0.06978,0.01833,,,,
79.683,-0.00034,0.02158,,,,
79.684,-0.00129,0.02147,,,,
79.685,-0.00223,0.02136,,,,
79.785,0.0169,0.02165,,,,
79.885,0.11627,0.04824,,,,
79.985,0.21114,0.09172,,,,
80.085,0.30463,0.16467,,,,
80.185,0.3987,0.33319,,,,
80.285,0.49202,0.68633,,,,
80.385,0.58607,1.34761,,,,
80.485,0.6794,2.43821,,,,
80.585,0.7735,4.1672,,,,
80.685,0.86672,6.74466,,,,
80.76,0.93741,9.37641,,,,
80.761,0.93834,9.41523,,,,
80.762,0.93928,9.45417,,,,
80.862,0.91947,7.78518,,,,
80.962,0.82058,4.12737,,,,
81.062,0.72618,2.17872,,,,
81.162,0.63241,1.09486,,,,
81.262,0.53865,0.52096,,,,
81.362,0.44512,0.24428,,,,
81.462,0.35112,0.12375,,,,
81.562,0.25749,0.06264,,,,
81.662,0.16376,0.03942,,,,
81.762,0.07019,0.02124,,,,
81.838,-0.00093,0.00703,,,,
81.839,-0.00187,0.00738,,,,
81.84,-0.00282,0.00778,,,,
81.94,0.01635,0.03539,,,,
82.04,0.1157,0.05341,,,,
82.14,0.21055,0.08842,,,,
82.24,0.30405,0.15793,,,,
82.34,0.39812,0.32596,,,,
82.44,0.49144,0.67931,,,,
82.54,0.58551,1.33665,,,,
82.64,0.67883,2.41799,,,,
82.74,0.77292,4.14274,,,,
82.84,0.86616,6.71011,,,,
82.916,0.93775,9.3633,,,,
82.917,0.93869,9.40254,,,,
82.918,0.93962,9.44184,,,,
83.018,0.91997,7.77795,,,,
83.118,0.82098,4.12699,,,,
83.218,0.72657,2.16707,,,,
83.318,0.63281,1.09504,,,,
83.418,0.53905,0.51876,,,,
83.518,0.44552,0.24106,,,,
83.618,0.35157,0.11506,,,,
83.718,0.25789,0.06496,,,,
83.818,0.16416,0.03323,,,,
83.918,0.07057,0.02348,,,,
83.994,-0.00053,0.01346,,,,
83.995,-0.00147,0.01342,,,,
83.996,-0.00242,0.01333,,,,
84.096,0.01675,0.02487,,,,
84.196,0.1161,0.05025,,,,
84.296,0.21097,0.09064,,,,
84.396,0.30445,0.15316,,,,
84.496,0.39853,0.32434,,,,
84.596,0.49183,0.67586,,,,
84.696,0.58595,1.3339,,,,
84.796,0.67923,2.41046,,,,
84.896,0.77333,4.13225,,,,
84.996,0.86656,6.6986,,,,
85.071,0.93724,9.32938,,,,
85.072,0.93818,9.36824,,,,
85.073,0.93912,9.4073,,,,
85.173,0.9197,7.75547,,,,
85.273,0.8205,4.09418,,,,
85.373,0.72607,2.14332,,,,
85.473,0.63233,1.08842,,,,
85.573,0.53851,0.52348,,,,
85.673,0.44501,0.24238,,,,
85.773,0.3511,0.11717,,,,
85.873,0.25739,0.06295,,,,
85.973,0.16367,0.03703,,,,
86.073,0.07007,0.01623,,,,
86.148,-0.00011,0.0161,,,,
86.149,-0.00105,0.01606,,,,
86.15,-0.00199,0.01606,,,,
86.25,0.01723,0.02908,,,,
86.35,0.11654,0.05365,,,,
86.45,0.21139,0.0856,,,,
86.55,0.3049,0.15559,,,,
86.65,0.39895,0.32691,,,,
86.75,0.49226,0.67285,,,,
86.85,0.58638,1.31157,,,,
86.95,0.67965,2.40542,,,,
87.05,0.77374,4.1293,,,,
87.15,0.86699,6.68963,,,,
87.225,0.93768,9.32587,,,,
87.226,0.93861,9.36444,,,,
87.227,0.93955,9.40308,,,,
87.327,0.91976,7.73987,,,,
87.427,0.82085,4.0926,,,,
87.527,0.72645,2.14115,,,,
87.627,0.63271,1.07781,,,,
87.727,0.53892,0.51451,,,,
87.827,0.44537,0.24065,,,,
87.927,0.35153,0.11192,,,,
88.027,0.25776,0.06236,,,,
88.127,0.16404,0.04445,,,,
88.227,0.07044,0.02763,,,,
88.303,-0.00066,0.01018,,,,
88.304,-0.0016,0.0102,,,,
88.305,-0.00255,0.0102,,,,
88.405,0.0167,0.03194,,,,
88.505,0.11598,0.05341,,,,
88.605,0.21082,0.0915,,,,
88.705,0.30432,0.15055,,,,
88.805,0.39837,0.31662,,,,
88.905,0.49169,0.66442,,,,
89.005,0.58578,1.30816,,,,
89.105,0.67909,2.38022,,,,
89.205,0.77317,4.09642,,,,
89.305,0.8664,6.65393,,,,
89.38,0.93712,9.27415,,,,
89.381,0.93805,9.31303,,,,
89.382,0.93898,9.35185,,,,
89.482,0.9192,7.69565,,,,
89.582,0.82028,4.06238,,,,
89.682,0.7259,2.12377,,,,
89.782,0.63216,1.07109,,,,
89.882,0.53837,0.51182,,,,
89.982,0.44478,0.23561,,,,
90.082,0.35098,0.11326,,,,
90.182,0.25718,0.04475,,,,
90.282,0.16349,0.03176,,,,
90.382,0.0699,0.02481,,,,
90.457,-0.00025,0.00777,,,,
90.458,-0.0012,0.00765,,,,
90.459,-0.00214,0.00753,,,,
90.559,0.01706,0.03758,,,,
90.659,0.11634,0.04922,,,,
90.759,0.2112,0.08835,,,,
90.859,0.3047,0.16539,,,,
90.959,0.39875,0.32292,,,,
91.059,0.49204,0.66919,,,,
91.159,0.58615,1.30841,,,,
91.259,0.67944,2.3749,,,,
91.359,0.77356,4.09467,,,,
91.459,0.86678,6.65068,,,,
91.534,0.93748,9.27516,,,,
91.535,0.93841,9.31439,,,,
91.536,0.93934,9.35362,,,,
91.636,0.91994,7.70814,,,,
91.736,0.82073,4.06791,,,,
91.836,0.72632,2.12471,,,,
91.936,0.63255,1.06764,,,,
92.036,0.53878,0.51214,,,,
92.136,0.44517,0.23353,,,,
92.236,0.3514,0.11076,,,,
92.336,0.25757,0.06048,,,,
92.436,0.16396,0.03843,,,,
92.536,0.07028,0.01937,,,,
92.612,-0.00077,0.01314,,,,
92.613,-0.00171,0.01319,,,,
92.614,-0.00266,0.01335,,,,
92.714,0.01637,0.02582,,,,
92.814,0.11578,0.04409,,,,
92.914,0.21063,0.08602,,,,
93.014,0.30414,0.15575,,,,
93.114,0.3982,0.31189,,,,
93.214,0.4915,0.65275,,,,
93.314,0.58559,1.28922,,,,
93.414,0.6789,2.3637,,,,
93.514,0.77298,4.06422,,,,
93.614,0.86624,6.60872,,,,
93.69,0.93788,9.26692,,,,
93.691,0.93881,9.30608,,,,
93.692,0.93975,9.34535,,,,
93.792,0.92038,7.71014,,,,
93.892,0.82114,4.05601,,,,
93.992,0.72672,2.12481,,,,
94.092,0.63297,1.06443,,,,
94.192,0.53919,0.50625,,,,
94.292,0.44557,0.22999,,,,
94.392,0.35181,0.11113,,,,
94.492,0.25794,0.0626,,,,
94.592,0.16436,0.03792,,,,
94.692,0.07066,0.01825,,,,
94.768,-0.00036,0.01512,,,,
94.769,-0.00131,0.01538,,,,
94.77,-0.00225,0.01562,,,,
94.87,0.01672,0.02947,,,,
94.97,0.11616,0.04316,,,,
95.07,0.21104,0.08383,,,,
95.17,0.30452,0.14708,,,,
95.27,0.3986,0.31729,,,,
95.37,0.49193,0.64849,,,,
95.47,0.58598,1.28535,,,,
95.57,0.67927,2.34499,,,,
95.67,0.77339,4.06142,,,,
95.77,0.86664,6.60903,,,,
95.845,0.93734,9.23233,,,,
95.846,0.93828,9.2714,,,,
95.847,0.93921,9.3105,,,,
95.947,0.91984,7.66989,,,,
96.047,0.8206,4.03028,,,,
96.147,0.72617,2.10768,,,,
96.247,0.63242,1.04723,,,,
96.347,0.53864,0.50132,,,,
96.447,0.44502,0.23841,,,,
96.547,0.35127,0.1107,,,,
96.647,0.2574,0.06177,,,,
96.747,0.16379,0.04248,,,,
96.847,0.07012,0.0276,,,,
96.923,-0.00092,0.01088,,,,
96.924,-0.00187,0.01097,,,,
96.925,-0.00281,0.01102,,,,
97.025,-0.01801,0.02288,,,,
97.125,0.02401,0.02662,,,,
97.225,0.06203,0.03359,,,,
97.325,0.09976,0.04533,,,,
97.425,0.13757,0.05397,,,,
97.525,0.17489,0.06731,,,,
97.625,0.21237,0.08891,,,,
97.725,0.24964,0.10907,,,,
97.825,0.28697,0.13499,,,,
97.925,0.32459,0.18333,,,,
98.025,0.36216,0.23859,,,,
98.125,0.39954,0.3119,,,,
98.225,0.43693,0.42588,,,,
98.28,0.45777,0.50039,,,,
98.281,0.45815,0.50207,,,,
98.282,0.45852,0.50375,,,,
98.292,0.46224,0.5194,,,,
98.302,0.46589,0.52877,,,,
98.312,0.46891,0.53796,,,,
98.322,0.47109,0.54825,,,,
98.332,0.47295,0.56327,,,,
98.342,0.47492,0.56041,,,,
98.352,0.47657,0.56263,,,,
98.362,0.47799,0.57075,,,,
98.372,0.47964,0.58512,,,,
98.382,0.48203,0.59923,,,,
98.392,0.48539,0.61218,,,,
98.402,0.48957,0.63237,,,,
98.412,0.49422,0.65436,,,,
98.422,0.49903,0.67887,,,,
98.432,0.5038,0.705,,,,
98.442,0.50846,0.72959,,,,
98.452,0.51296,0.75055,,,,
98.462,0.51728,0.777,,,,
98.472,0.52141,0.80149,,,,
98.482,0.52537,0.82319,,,,
98.492,0.5292,0.85014,,,,
98.502,0.53294,0.87505,,,,
98.512,0.53666,0.89661,,,,
98.522,0.54043,0.92238,,,,
98.532,0.54428,0.95014,,,,
98.542,0.54819,0.97541,,,,
98.552,0.55209,1.00443,,,,
98.562,0.55592,1.03384,,,,
98.572,0.55968,1.06205,,,,
98.582,0.56339,1.08582,,,,
98.592,0.56705,1.114,,,,
98.602,0.5707,1.14179,,,,
98.612,0.57438,1.16993,,,,
98.622,0.57813,1.20375,,,,
98.632,0.58195,1.23968,,,,
98.642,0.58582,1.27427,,,,
98.652,0.58968,1.31075,,,,
98.662,0.5935,1.34358,,,,
98.672,0.59724,1.37216,,,,
98.682,0.60091,1.40246,,,,
98.692,0.60454,1.43723,,,,
98.702,0.60816,1.4741,,,,
98.712,0.61183,1.51058,,,,
98.722,0.61558,1.54947,,,,
98.732,0.61941,1.58975,,,,
98.742,0.62329,1.62869,,,,
98.752,0.62715,1.67165,,,,
98.762,0.63097,1.71427,,,,
98.772,0.63472,1.75245,,,,
98.782,0.63839,1.79598,,,,
98.792,0.64201,1.84125,,,,
98.802,0.64562,1.88193,,,,
98.812,0.64928,1.92676,,,,
98.822,0.65301,1.97663,,,,
98.832,0.6568,2.0255,,,,
98.842,0.66062,2.0758,,,,
98.852,0.66443,2.12448,,,,
98.862,0.66821,2.16387,,,,
98.872,0.67196,2.20779,,,,
98.882,0.67566,2.25769,,,,
98.892,0.67934,2.30923,,,,
98.902,0.68304,2.36377,,,,
98.912,0.68679,2.4205,,,,
98.922,0.69061,2.47844,,,,
98.932,0.69447,2.53611,,,,
98.942,0.69833,2.60192,,,,
98.952,0.70215,2.66607,,,,
98.962,0.70594,2.72514,,,,
98.972,0.70968,2.785,,,,
98.982,0.71341,2.84551,,,,
98.992,0.71713,2.90544,,,,
99.002,0.72087,2.96979,,,,
99.012,0.72464,3.03812,,,,
99.022,0.72843,3.10186,,,,
99.032,0.73221,3.1692,,,,
99.042,0.73597,3.2402,,,,
99.052,0.73969,3.30856,,,,
99.062,0.7434,3.37555,,,,
99.072,0.74708,3.4458,,,,
99.082,0.75077,3.51674,,,,
99.092,0.7545,3.58764,,,,
99.102,0.75827,3.66103,,,,
99.112,0.76208,3.73746,,,,
99.122,0.76589,3.81546,,,,
99.132,0.76965,3.89686,,,,
99.142,0.77335,3.98115,,,,
99.152,0.77702,4.06289,,,,
99.162,0.78069,4.14638,,,,
99.172,0.78436,4.23309,,,,
99.182,0.78806,4.31709,,,,
99.192,0.79182,4.4054,,,,
99.202,0.79564,4.49494,,,,
99.212,0.79949,4.5826,,,,
99.222,0.80331,4.67451,,,,
99.232,0.80708,4.77105,,,,
99.242,0.81078,4.86569,,,,
99.252,0.81444,4.96163,,,,
99.262,0.81808,5.05922,,,,
99.272,0.82173,5.15498,,,,
99.282,0.82544,5.25347,,,,
99.292,0.82923,5.35821,,,,
99.302,0.83306,5.46312,,,,
99.312,0.83692,5.56763,,,,
99.322,0.84074,5.67266,,,,
99.332,0.84452,5.78268,,,,
99.342,0.84822,5.89246,,,,
99.352,0.85186,6.00099,,,,
99.362,0.85548,6.1074,,,,
99.372,0.85912,6.21681,,,,
99.382,0.86284,6.33339,,,,
99.392,0.86664,6.45591,,,,
99.402,0.8705,6.5811,,,,
99.412,0.87439,6.7074,,,,
99.422,0.87827,6.83367,,,,
99.432,0.88211,6.95519,,,,
99.442,0.8859,7.07955,,,,
99.452,0.88962,7.20638,,,,
99.462,0.89331,7.33443,,,,
99.472,0.89699,7.4676,,,,
99.482,0.90071,7.6057,,,,
99.492,0.90447,7.74382,,,,
99.502,0.90826,7.87769,,,,
99.512,0.91206,8.01565,,,,
99.522,0.91584,8.15232,,,,
99.532,0.9196,8.29009,,,,
99.542,0.92331,8.42965,,,,
99.552,0.92698,8.57011,,,,
99.562,0.93063,8.71211,,,,
99.572,0.93432,8.85688,,,,
99.582,0.93805,9.00793,,,,
99.592,0.94183,9.1623,,,,
99.602,0.94564,9.32187,,,,
99.612,0.94944,9.48363,,,,
99.622,0.95322,9.64162,,,,
99.632,0.95698,9.79939,,,,
99.642,0.96071,9.95546,,,,
99.652,0.96442,10.11052,,,,
99.662,0.96813,10.2703,,,,
99.672,0.97187,10.43702,,,,
99.682,0.97564,10.61012,,,,
99.692,0.97941,10.78391,,,,
99.702,0.98319,10.95692,,,,
99.712,0.98694,11.12753,,,,
99.722,0.99066,11.29418,,,,
99.732,0.99436,11.45724,,,,
99.742,0.99805,11.61941,,,,
99.752,1.00174,11.78318,,,,
99.762,1.00547,11.95515,,,,
99.772,1.00923,12.12947,,,,
99.782,1.01301,12.30264,,,,
99.792,1.01678,12.47976,,,,
99.802,1.02053,12.65726,,,,
99.812,1.02425,12.83428,,,,
99.822,1.02794,13.01069,,,,
99.832,1.03162,13.18594,,,,
99.842,1.03532,13.35826,,,,
99.852,1.03907,13.53259,,,,
99.862,1.04288,13.70795,,,,
99.872,1.04675,13.88618,,,,
99.882,1.05063,14.06697,,,,
99.892,1.05447,14.24864,,,,
99.902,1.05824,14.42302,,,,
99.912,1.06194,14.59905,,,,
99.922,1.0656,14.77888,,,,
99.932,1.06925,14.95694,,,,
99.942,1.07295,15.13359,,,,
99.952,1.07671,15.3113,,,,
99.962,1.08056,15.49381,,,,
99.972,1.08446,15.68203,,,,
99.982,1.08835,15.87044,,,,
99.992,1.09217,16.05441,,,,
100.002,1.0959,16.23112,,,,
100.012,1.09957,16.40982,,,,
100.022,1.10319,16.58485,,,,
100.032,1.10681,16.76001,,,,
100.042,1.11048,16.93985,,,,
100.052,1.11421,17.12761,,,,
100.062,1.11803,17.31808,,,,
100.072,1.1219,17.51014,,,,
100.082,1.12577,17.69844,,,,
100.092,1.12961,17.88128,,,,
100.102,1.13338,18.06486,,,,
100.112,1.13707,18.24446,,,,
100.122,1.14069,18.42084,,,,
100.132,1.14431,18.60234,,,,
100.142,1.14796,18.79071,,,,
100.152,1.15169,18.98476,,,,
100.162,1.15548,19.1801,,,,
100.172,1.15929,19.37483,,,,
100.182,1.1631,19.56376,,,,
100.192,1.16687,19.74536,,,,
100.202,1.17061,19.92571,,,,
100.212,1.1743,20.10722,,,,
100.222,1.17796,20.28884,,,,
100.232,1.18161,20.47438,,,,
100.242,1.18531,20.66311,,,,
100.252,1.18907,20.85858,,,,
100.262,1.19287,21.06096,,,,
100.272,1.1967,21.26411,,,,
100.282,1.20052,21.46195,,,,
100.292,1.20431,21.65429,,,,
100.302,1.20805,21.83641,,,,
100.312,1.21175,22.01587,,,,
100.322,1.21544,22.20552,,,,
100.332,1.21913,22.3978,,,,
100.342,1.22286,22.59197,,,,
100.352,1.22661,22.79031,,,,
100.362,1.23038,22.99141,,,,
100.372,1.23414,23.19054,,,,
100.382,1.23788,23.38616,,,,
100.392,1.24159,23.58022,,,,
100.402,1.24529,23.76961,,,,
100.412,1.24901,23.95918,,,,
100.422,1.25278,24.15589,,,,
100.432,1.25662,24.35909,,,,
100.442,1.2605,24.56937,,,,
100.452,1.26438,24.78185,,,,
100.462,1.26823,24.98791,,,,
100.472,1.27201,25.19243,,,,
100.482,1.27574,25.39097,,,,
100.492,1.27942,25.58299,,,,
100.502,1.28305,25.77305,,,,
100.512,1.28669,25.9639,,,,
100.522,1.29039,26.16009,,,,
100.532,1.29417,26.36654,,,,
100.542,1.29802,26.57883,,,,
100.552,1.30186,26.79224,,,,
100.562,1.30566,27.00219,,,,
100.572,1.30941,27.20894,,,,
100.582,1.31311,27.41203,,,,
100.592,1.31676,27.61131,,,,
100.602,1.3204,27.81076,,,,
100.612,1.32405,28.01414,,,,
100.622,1.32778,28.22223,,,,
100.632,1.33159,28.43368,,,,
100.642,1.33544,28.64977,,,,
100.652,1.3393,28.86369,,,,
100.662,1.34311,29.07372,,,,
100.672,1.34684,29.27901,,,,
100.682,1.3505,29.4833,,,,
100.692,1.35413,29.68842,,,,
100.702,1.35775,29.89215,,,,
100.712,1.36141,30.09936,,,,
100.722,1.36516,30.3126,,,,
100.732,1.36898,30.53347,,,,
100.742,1.37284,30.75607,,,,
100.752,1.3767,30.97181,,,,
100.762,1.38052,31.18098,,,,
100.772,1.38429,31.38727,,,,
100.782,1.38798,31.59179,,,,
100.792,1.39162,31.79751,,,,
100.802,1.39525,32.0034,,,,
100.812,1.39891,32.21381,,,,
100.822,1.40263,32.42999,,,,
100.832,1.40642,32.65593,,,,
100.842,1.41024,32.879,,,,
100.852,1.41405,33.10009,,,,
100.862,1.41785,33.31958,,,,
100.872,1.42161,33.5363,,,,
100.882,1.42534,33.74902,,,,
100.892,1.42904,33.96168,,,,
100.902,1.43274,34.17709,,,,
100.912,1.43648,34.40122,,,,
100.922,1.44027,34.63445,,,,
100.932,1.4441,34.87412,,,,
100.942,1.44794,35.10794,,,,
100.952,1.45175,35.33152,,,,
100.962,1.45553,35.55347,,,,
100.972,1.45927,35.77385,,,,
100.982,1.46298,35.98841,,,,
100.992,1.46669,36.20605,,,,
101.002,1.47044,36.43144,,,,
101.012,1.47422,36.66537,,,,
101.022,1.47802,36.90116,,,,
101.032,1.48182,37.13466,,,,
101.042,1.48558,37.35912,,,,
101.052,1.4893,37.57926,,,,
101.062,1.49299,37.79356,,,,
101.072,1.49665,38.00755,,,,
101.082,1.50033,38.2228,,,,
101.092,1.50405,38.44307,,,,
101.102,1.50784,38.67475,,,,
101.112,1.51168,38.91649,,,,
101.122,1.51549,39.15656,,,,
101.132,1.51926,39.39169,,,,
101.142,1.52297,39.62116,,,,
101.152,1.52664,39.84489,,,,
101.162,1.53029,40.06488,,,,
101.172,1.53394,40.28872,,,,
101.182,1.53763,40.51978,,,,
101.192,1.54137,40.75463,,,,
101.202,1.54518,40.99652,,,,
101.212,1.54902,41.2405,,,,
101.222,1.55286,41.48065,,,,
101.232,1.55665,41.72143,,,,
101.242,1.56036,41.95511,,,,
101.252,1.56403,42.18298,,,,
101.262,1.56767,42.40797,,,,
101.272,1.57133,42.63674,,,,
101.282,1.57505,42.8695,,,,
101.292,1.57883,43.11126,,,,
101.302,1.58265,43.35497,,,,
101.312,1.5865,43.60128,,,,
101.322,1.59033,43.84376,,,,
101.332,1.59412,44.08146,,,,
101.342,1.59784,44.31653,,,,
101.352,1.6015,44.54815,,,,
101.362,1.60512,44.77892,,,,
101.372,1.60876,45.01336,,,,
101.382,1.61246,45.25392,,,,
101.392,1.61624,45.50186,,,,
101.402,1.62008,45.74983,,,,
101.412,1.62396,45.98471,,,,
101.422,1.62783,46.21422,,,,
101.432,1.63168,46.44513,,,,
101.442,1.63547,46.68169,,,,
101.452,1.6392,46.91729,,,,
101.462,1.6429,47.15489,,,,
101.472,1.64659,47.39649,,,,
101.482,1.65031,47.64392,,,,
101.492,1.65408,47.89595,,,,
101.502,1.65787,48.1459,,,,
101.512,1.66166,48.39066,,,,
101.522,1.66544,48.63153,,,,
101.532,1.6692,48.87131,,,,
101.542,1.67292,49.11018,,,,
101.552,1.6766,49.34529,,,,
101.562,1.68026,49.58054,,,,
101.572,1.68395,49.82355,,,,
101.582,1.68768,50.07509,,,,
101.592,1.69146,50.33425,,,,
101.602,1.69526,50.59264,,,,
101.612,1.69906,50.85184,,,,
101.622,1.70285,51.10056,,,,
101.632,1.70661,51.33612,,,,
101.642,1.71034,51.56255,,,,
101.652,1.71404,51.79427,,,,
101.662,1.71775,52.03347,,,,
101.672,1.72146,52.28082,,,,
101.682,1.72521,52.53473,,,,
101.692,1.72898,52.79124,,,,
101.702,1.73274,53.04683,,,,
101.712,1.73648,53.29886,,,,
101.722,1.7402,53.54162,,,,
101.732,1.7439,53.77883,,,,
101.742,1.7476,54.01284,,,,
101.752,1.75131,54.24794,,,,
101.762,1.75507,54.49147,,,,
101.772,1.75887,54.75241,,,,
101.782,1.76269,55.01633,,,,
101.792,1.7665,55.2762,,,,
101.802,1.77027,55.53524,,,,
101.812,1.77399,55.78938,,,,
101.822,1.77768,56.03558,,,,
101.832,1.78134,56.27745,,,,
101.842,1.78499,56.51874,,,,
101.852,1.78869,56.76319,,,,
101.862,1.79247,57.01571,,,,
101.872,1.79632,57.28046,,,,
101.882,1.80019,57.5479,,,,
101.892,1.80404,57.81347,,,,
101.902,1.80781,58.07671,,,,
101.912,1.81152,58.33437,,,,
101.922,1.81521,58.58661,,,,
101.932,1.81889,58.84049,,,,
101.942,1.8226,59.09804,,,,
101.952,1.82638,59.36164,,,,
101.962,1.83023,59.63173,,,,
101.972,1.83412,59.90138,,,,
101.982,1.838,60.16585,,,,
101.992,1.84183,60.42263,,,,
102.002,1.84557,60.67389,,,,
102.012,1.84923,60.92084,,,,
102.022,1.85282,61.15833,,,,
102.032,1.85639,61.39154,,,,
102.042,1.86,61.63047,,,,
102.052,1.8637,61.88337,,,,
102.062,1.86749,62.14833,,,,
102.072,1.87135,62.41887,,,,
102.082,1.87523,62.69113,,,,
102.092,1.87909,62.95602,,,,
102.102,1.88289,63.21196,,,,
102.112,1.88662,63.46184,,,,
102.122,1.89028,63.70138,,,,
102.132,1.8939,63.94017,,,,
102.142,1.89755,64.18978,,,,
102.152,1.90126,64.4547,,,,
102.162,1.90504,64.72839,,,,
102.172,1.90886,64.99961,,,,
102.182,1.91267,65.26694,,,,
102.192,1.91646,65.52528,,,,
102.202,1.92021,65.7755,,,,
102.212,1.92391,66.02073,,,,
102.222,1.92758,66.2645,,,,
102.232,1.93125,66.51418,,,,
102.242,1.93494,66.773,,,,
102.252,1.93868,67.03996,,,,
102.262,1.94246,67.31133,,,,
102.272,1.94626,67.58213,,,,
102.282,1.95005,67.84357,,,,
102.292,1.95382,68.09653,,,,
102.301,1.95718,68.3202,,,,
102.302,1.95755,68.3447,,,,
102.303,1.95792,68.36905,,,,
102.403,1.95525,65.86794,,,,
102.469,1.92798,60.84365,,,,
102.547,1.89736,55.8315,,,,
102.637,1.86308,50.78131,,,,
102.737,1.82561,45.76192,,,,
102.837,1.78786,41.12743,,,,
102.937,1.75056,36.88608,,,,
103.037,1.71315,32.93798,,,,
103.137,1.67553,29.25352,,,,
103.237,1.63812,25.88717,,,,
103.337,1.60063,22.79614,,,,
103.437,1.56331,19.9585,,,,
103.537,1.52581,17.36518,,,,
103.637,1.48819,15.00953,,,,
103.737,1.45061,12.8778,,,,
103.837,1.41329,11.00044,,,,
103.937,1.37584,9.31181,,,,
104.037,1.33836,7.83387,,,,
104.137,1.3009,6.52815,,,,
104.237,1.26344,5.40285,,,,
104.337,1.22601,4.44791,,,,
104.437,1.1886,3.62437,,,,
104.537,1.15108,2.92087,,,,
104.637,1.11341,2.3358,,,,
104.737,1.07582,1.85907,,,,
104.837,1.0382,1.47254,,,,
104.937,1.00092,1.14967,,,,
105.037,0.96358,0.8965,,,,
105.137,0.92594,0.68774,,,,
105.237,0.88852,0.53189,,,,
105.337,0.85099,0.41221,,,,
105.437,0.81377,0.31543,,,,
105.537,0.77616,0.24018,,,,
105.637,0.73855,0.1812,,,,
105.737,0.70102,0.14212,,,,
105.837,0.66357,0.11285,,,,
105.937,0.62631,0.08781,,,,
106.037,0.58885,0.07359,,,,
106.137,0.55135,0.05545,,,,
106.237,0.5138,0.05218,,,,
106.337,0.4764,0.04679,,,,
106.386,0.45786,0.04722,,,,
106.387,0.45749,0.04724,,,,
106.388,0.45712,0.04725,,,,
106.488,0.45851,0.05878,,,,
106.588,0.50016,0.0738,,,,
106.688,0.53843,0.09439,,,,
106.788,0.57615,0.12195,,,,
106.888,0.61356,0.1619,,,,
106.988,0.651,0.21968,,,,
107.088,0.68855,0.29499,,,,
107.188,0.72638,0.40088,,,,
107.261,0.75357,0.50116,,,,
107.262,0.75394,0.50263,,,,
107.263,0.75432,0.50403,,,,
107.264,0.75469,0.50541,,,,
107.265,0.75507,0.50692,,,,
107.266,0.75545,0.50907,,,,
107.267,0.75583,0.5127,,,,
107.268,0.75622,0.51862,,,,
107.269,0.75663,0.52719,,,,
107.27,0.75705,0.5384,,,,
107.271,0.7575,0.55206,,,,
107.272,0.75799,0.56781,,,,
107.273,0.75854,0.58533,,,,
107.274,0.75915,0.60443,,,,
107.275,0.75984,0.62509,,,,
107.276,0.76062,0.6475,,,,
107.277,0.76151,0.67187,,,,
107.278,0.76253,0.69821,,,,
107.279,0.76369,0.7263,,,,
107.28,0.765,0.75588,,,,
107.281,0.76649,0.78687,,,,
107.282,0.76818,0.81948,,,,
107.283,0.77007,0.85399,,,,
107.284,0.7722,0.89065,,,,
107.285,0.77457,0.92969,,,,
107.286,0.7772,0.97126,,,,
107.287,0.78011,1.01552,,,,
107.288,0.78332,1.06273,,,,
107.289,0.78684,1.11324,,,,
107.29,0.7907,1.16739,,,,
107.291,0.7949,1.22561,,,,
107.292,0.79946,1.28839,,,,
107.293,0.8044,1.35624,,,,
107.294,0.80973,1.42992,,,,
107.295,0.81546,1.51016,,,,
107.296,0.82162,1.59768,,,,
107.297,0.82821,1.69339,,,,
107.298,0.83525,1.79847,,,,
107.299,0.84275,1.9143,,,,
107.3,0.85072,2.0423,,,,
107.301,0.85917,2.1838,,,,
107.302,0.86812,2.34027,,,,
107.303,0.87757,2.51335,,,,
107.304,0.88754,2.70495,,,,
107.305,0.89803,2.91734,,,,
107.306,0.90905,3.15288,,,,
107.307,0.92061,3.41372,,,,
107.308,0.93272,3.70211,,,,
107.309,0.94539,4.02065,,,,
107.31,0.95862,4.37234,,,,
107.311,0.97242,4.76047,,,,
107.312,0.98679,5.1884,,,,
107.313,1.00175,5.65947,,,,
107.314,1.01729,6.17684,,,,
107.315,1.03343,6.74372,,,,
107.316,1.05016,7.36352,,,,
107.317,1.06749,8.03985,,,,
107.318,1.08542,8.77654,,,,
107.319,1.10396,9.57746,,,,
107.32,1.1231,10.44622,,,,
107.321,1.14286,11.38625,,,,
107.322,1.16323,12.40094,,,,
107.323,1.18422,13.49366,,,,
107.324,1.20583,14.66779,,,,
107.325,1.22805,15.92654,,,,
107.326,1.25089,17.27277,,,,
107.327,1.27436,18.70899,,,,
107.328,1.29844,20.23748,,,,
107.329,1.32315,21.86025,,,,
107.33,1.34848,23.57865,,,,
107.331,1.37443,25.39314,,,,
107.332,1.401,27.30334,,,,
107.333,1.42819,29.30826,,,,
107.334,1.45599,31.40616,,,,
107.335,1.48439,33.59425,,,,
107.336,1.51339,35.86898,,,,
107.337,1.54298,38.22642,,,,
107.338,1.57313,40.66237,,,,
107.339,1.60382,43.17221,,,,
107.34,1.63505,45.75102,,,,
107.341,1.66677,48.39396,,,,
107.342,1.69897,51.09607,,,,
107.343,1.73161,53.85187,,,,
107.344,1.76468,56.65566,,,,
107.345,1.79814,59.50182,,,,
107.346,1.83196,62.38478,,,,
107.347,1.86613,65.299,,,,
107.348,1.90061,68.23883,,,,
107.349,1.93537,71.19875,,,,
107.35,1.9704,74.17351,,,,
107.351,2.00567,77.15793,,,,
107.352,2.04116,80.14701,,,,
107.353,2.07684,83.13623,,,,
107.354,2.11271,86.12175,,,,
107.355,2.14875,89.10008,,,,
107.356,2.18493,92.06764,,,,
107.357,2.22124,95.02097,,,,
107.358,2.25768,97.9569,,,,
107.359,2.29422,100.8725,,,,
107.36,2.33087,103.76491,,,,
107.361,2.36761,106.63172,,,,
107.362,2.40443,109.47092,,,,
107.363,2.44132,112.28057,,,,
107.364,2.47829,115.05865,,,,
107.365,2.51532,117.80316,,,,
107.366,2.55241,120.51225,,,,
107.367,2.58956,123.18422,,,,
107.368,2.62676,125.81767,,,,
107.369,2.66401,128.41121,,,,
107.37,2.70132,130.96333,,,,
107.371,2.73867,133.47275,,,,
107.372,2.77607,135.93822,,,,
107.373,2.81351,138.35887,,,,
107.374,2.851,140.73468,,,,
107.375,2.88852,143.06607,,,,
107.376,2.92609,145.35352,,,,
107.377,2.9637,147.59776,,,,
107.378,3.00135,149.79979,,,,
107.379,3.03903,151.96037,,,,
107.38,3.07675,154.07993,,,,
107.381,3.11451,156.15868,,,,
107.382,3.15229,158.19672,,,,
107.383,3.19011,160.19418,,,,
107.384,3.22796,162.15097,,,,
107.385,3.26584,164.06635,,,,
107.386,3.30375,165.9393,,,,
107.387,3.34168,167.76889,,,,
107.388,3.37964,169.55418,,,,
107.389,3.41762,171.29436,,,,
107.39,3.45562,172.98936,,,,
107.391,3.49364,174.63985,,,,
107.392,3.53167,176.24649,,,,
107.393,3.56972,177.81001,,,,
107.394,3.60779,179.33112,,,,
107.395,3.64587,180.8103,,,,
107.396,3.68395,182.24806,,,,
107.397,3.72204,183.6449,,,,
107.398,3.76014,185.00139,,,,
107.399,3.79824,186.31879,,,,
107.4,3.83635,187.59875,,,,
107.401,3.87445,188.83813,,,,
107.402,3.91255,190.00995,,,,
107.403,3.95065,191.06036,,,,
107.404,3.98874,191.94254,,,,
107.405,4.02683,192.63574,,,,
107.406,4.06492,193.13911,,,,
107.407,4.10299,193.46571,,,,
107.408,4.14105,193.6338,,,,
107.409,4.17911,193.66264,,,,
107.41,4.21715,193.57088,,,,
107.411,4.25518,193.37466,,,,
107.412,4.2932,193.08908,,,,
107.413,4.33121,192.72813,,,,
107.414,4.3692,192.30409,,,,
107.415,4.40718,191.82828,,,,
107.416,4.44515,191.31122,,,,
107.417,4.48309,190.76244,,,,
107.418,4.52103,190.1907,,,,
107.419,4.55894,189.6044,,,,
107.42,4.59685,189.01097,,,,
107.421,4.63473,188.4175,,,,
107.422,4.6726,187.8307,,,,
107.423,4.71045,187.25638,,,,
107.424,4.74829,186.69955,,,,
107.425,4.78612,186.16441,,,,
107.426,4.82392,185.65456,,,,
107.427,4.86172,185.173,,,,
107.428,4.8995,184.72232,,,,
107.429,4.93726,184.30513,,,,
107.43,4.97502,183.9234,,,,
107.431,5.01276,183.57784,,,,
107.432,5.05049,183.26814,,,,
107.433,5.08821,182.99246,,,,
107.434,5.12592,182.74817,,,,
107.435,5.16361,182.53288,,,,
107.436,5.2013,182.3441,,,,
107.437,5.23898,182.13316,,,,
107.438,5.27664,181.73126,,,,
107.439,5.3143,180.92435,,,,
107.44,5.35195,179.58981,,,,
107.441,5.38959,177.69293,,,,
107.442,5.42722,175.25453,,,,
107.443,5.46484,172.33081,,,,
107.444,5.50246,168.98299,,,,
107.445,5.54006,165.27332,,,,
107.446,5.57767,161.2552,,,,
107.447,5.61527,156.97098,,,,
107.448,5.65286,152.46158,,,,
107.449,5.69045,147.76352,,,,
107.45,5.72804,142.90906,,,,
107.451,5.76562,137.93024,,,,
107.452,5.8032,132.85593,,,,
107.453,5.84078,127.71049,,,,
107.454,5.87836,122.51787,,,,
107.455,5.91594,117.30156,,,,
107.456,5.95351,112.08327,,,,
107.457,5.99108,106.88411,,,,
107.458,6.02865,101.72163,,,,
107.459,6.06622,96.61257,,,,
107.46,6.10379,91.57308,,,,
107.461,6.14135,86.61638,,,,
107.462,6.17892,81.75527,,,,
107.463,6.21648,76.99985,,,,
107.464,6.25404,72.35764,,,,
107.465,6.2916,67.8363,,,,
107.466,6.32915,63.44246,,,,
107.467,6.36671,59.18273,,,,
107.468,6.40426,55.06297,,,,
107.469,6.44182,51.08639,,,,
107.47,6.47937,47.2559,,,,
107.471,6.51692,43.57338,,,,
107.472,6.55447,40.03946,,,,
107.473,6.59202,36.65488,,,,
107.474,6.62957,33.41932,,,,
107.475,6.66712,30.33175,,,,
107.476,6.70467,27.39108,,,,
107.477,6.74221,24.59579,,,,
107.478,6.77976,21.94487,,,,
107.479,6.8173,19.43711,,,,
107.48,6.85485,17.07015,,,,
107.481,6.89239,14.84114,,,,
107.482,6.92993,12.74683,,,,
107.483,6.96746,10.78371,,,,
107.484,7.005,8.94825,,,,
107.485,7.04254,7.23599,,,,
107.486,7.08007,5.64186,,,,
107.487,7.1176,4.16101,,,,
107.488,7.15514,2.78882,,,,
107.489,7.19267,1.5217,,,,
107.49,7.2302,0.35677,,,,
107.491,7.26773,-0.70957,,,,
107.492,7.30526,-1.68113,,,,
107.493,7.34279,-2.56237,,,,
107.494,7.38033,-3.35829,,,,
107.495,7.41786,-4.07369,,,,
107.496,7.45539,-4.71321,,,,
107.497,7.49293,-5.28118,,,,
107.498,7.53046,-5.78152,,,,
107.499,7.56799,-6.21745,,,,
107.5,7.60553,-6.59159,,,,
107.501,7.64306,-6.90684,,,,
107.502,7.6806,-7.16695,,,,
107.503,7.71813,-7.37612,,,,
107.504,7.75567,-7.5389,,,,
107.505,7.79321,-7.65967,,,,
107.506,7.83074,-7.74184,,,,
107.507,7.86828,-7.78832,,,,
107.508,7.90582,-7.8022,,,,
107.509,7.94335,-7.78607,,,,
107.51,7.98089,-7.74179,,,,
107.511,8.01843,-7.67134,,,,
107.512,8.05597,-7.57707,,,,
107.513,8.09351,-7.46155,,,,
107.514,8.13105,-7.32716,,,,
107.515,8.16858,-7.17622,,,,
107.516,8.20612,-7.01105,,,,
107.517,8.24366,-6.83375,,,,
107.518,8.2812,-6.64622,,,,
107.519,8.31873,-6.45003,,,,
107.52,8.35627,-6.24647,,,,
107.521,8.39381,-6.03664,,,,
107.522,8.43134,-5.82136,,,,
107.523,8.46887,-5.60157,,,,
107.524,8.5064,-5.37835,,,,
107.525,8.54394,-5.15287,,,,
107.526,8.58146,-4.9264,,,,
107.527,8.61899,-4.70019,,,,
107.528,8.65652,-4.4755,,,,
107.529,8.69405,-4.25329,,,,
107.53,8.73157,-4.03423,,,,
107.531,8.7691,-3.81872,,,,
107.532,8.80662,-3.60665,,,,
107.533,8.84414,-3.39812,,,,
107.534,8.88167,-3.1935,,,,
107.535,8.91919,-2.99327,,,,
107.536,8.95671,-2.79806,,,,
107.537,8.99423,-2.60864,,,,
107.538,9.03174,-2.42568,,,,
107.539,9.06926,-2.24954,,,,
107.54,9.10677,-2.08048,,,,
107.541,9.14429,-1.91857,,,,
107.542,9.1818,-1.76344,,,,
107.543,9.21931,-1.61461,,,,
107.544,9.25681,-1.47196,,,,
107.545,9.29432,-1.33557,,,,
107.546,9.33183,-1.20531,,,,
107.547,9.36933,-1.08092,,,,
107.548,9.40683,-0.96242,,,,
107.549,9.44433,-0.85009,,,,
107.55,9.48182,-0.74429,,,,
107.551,9.51932,-0.6452,,,,
107.552,9.55682,-0.5528,,,,
107.553,9.59431,-0.46678,,,,
107.554,9.6318,-0.38627,,,,
107.555,9.66929,-0.31053,,,,
107.556,9.70677,-0.23938,,,,
107.557,9.74426,-0.17285,,,,
107.558,9.78174,-0.11091,,,,
107.559,9.81922,-0.05369,,,,
107.56,9.8567,-0.0013,,,,
107.561,9.89418,0.04642,,,,
107.562,9.93166,0.08976,,,,
107.563,9.96914,0.12886,,,,
107.564,10.00661,0.16406,,,,
107.565,10.04408,0.19601,,,,
107.566,10.08155,0.22542,,,,
107.567,10.11902,0.25264,,,,
107.568,10.1565,0.27752,,,,
107.569,10.19397,0.29968,,,,
107.57,10.23144,0.3187,,,,
107.571,10.26891,0.33445,,,,
107.572,10.30638,0.347,,,,
107.573,10.34385,0.35659,,,,
107.574,10.38132,0.36368,,,,
107.575,10.4188,0.36873,,,,
107.576,10.45627,0.37217,,,,
107.577,10.49374,0.37444,,,,
107.578,10.53122,0.37578,,,,
107.579,10.56869,0.37609,,,,
107.58,10.60616,0.3752,,,,
107.581,10.64364,0.37324,,,,
107.582,10.68111,0.37023,,,,
107.583,10.71858,0.36593,,,,
107.584,10.75606,0.36004,,,,
107.585,10.79353,0.35242,,,,
107.586,10.83101,0.34342,,,,
107.587,10.86848,0.33392,,,,
107.588,10.90595,0.32461,,,,
107.589,10.94343,0.31574,,,,
107.59,10.9809,0.30758,,,,
107.591,11.01838,0.3002,,,,
107.592,11.05585,0.29321,,,,
107.593,11.09333,0.28606,,,,
107.594,11.13081,0.27836,,,,
107.595,11.16828,0.26999,,,,
107.596,11.20576,0.2612,,,,
107.597,11.24324,0.25258,,,,
107.598,11.28071,0.24445,,,,
107.599,11.31819,0.23682,,,,
107.6,11.35567,0.22955,,,,
107.601,11.39314,0.22221,,,,
107.602,11.43062,0.21431,,,,
107.603,11.46809,0.20565,,,,
107.604,11.50556,0.19627,,,,
107.605,11.54304,0.18643,,,,
107.606,11.58051,0.17671,,,,
107.607,11.61799,0.16769,,,,
107.608,11.65546,0.15951,,,,
107.609,11.69293,0.15216,,,,
107.61,11.73041,0.14548,,,,
107.611,11.76789,0.13924,,,,
107.612,11.80536,0.13332,,,,
107.613,11.84284,0.12757,,,,
107.614,11.88031,0.12181,,,,
107.615,11.91779,0.11584,,,,
107.616,11.95527,0.10949,,,,
107.617,11.99274,0.1029,,,,
107.618,12.03022,0.09665,,,,
107.619,12.06769,0.09131,,,,
107.62,12.10517,0.0869,,,,
107.621,12.14264,0.0832,,,,
107.622,12.18011,0.08004,,,,
107.623,12.21759,0.07705,,,,
107.624,12.25506,0.07364,,,,
107.625,12.29253,0.06972,,,,
107.626,12.33,0.06587,,,,
107.627,12.36747,0.06253,,,,
107.628,12.40494,0.0595,,,,
107.629,12.44241,0.05637,,,,
107.63,12.47988,0.05296,,,,
107.631,12.51735,0.04937,,,,
107.632,12.55482,0.04576,,,,
107.633,12.59229,0.04243,,,,
107.634,12.62976,0.0399,,,,
107.635,12.66723,0.03856,,,,
107.636,12.70471,0.03823,,,,
107.637,12.74218,0.03807,,,,
107.638,12.77965,0.03721,,,,
107.639,12.81713,0.03532,,,,
107.64,12.8546,0.03254,,,,
107.641,12.89208,0.02952,,,,
107.642,12.92955,0.027,,,,
107.643,12.96703,0.02535,,,,
107.644,13.0045,0.0244,,,,
107.645,13.04198,0.02367,,,,
107.646,13.07945,0.02252,,,,
107.647,13.11693,0.0205,,,,
107.648,13.15441,0.01777,,,,
107.649,13.19188,0.0148,,,,
107.65,13.22936,0.01216,,,,
107.651,13.26684,0.01036,,,,
107.652,13.30431,0.00959,,,,
107.653,13.34179,0.00971,,,,
107.654,13.37927,0.0104,,,,
107.655,13.41675,0.0115,,,,
107.656,13.45423,0.01291,,,,
107.657,13.49171,0.01424,,,,
107.658,13.52919,0.01517,,,,
107.659,13.56667,0.01571,,,,
107.66,13.60415,0.01592,,,,
107.661,13.64163,0.0159,,,,
107.662,13.67911,0.0158,,,,
107.663,13.71659,0.01587,,,,
107.664,13.75407,0.01634,,,,
107.665,13.79154,0.01729,,,,
107.666,13.82902,0.0186,,,,
107.667,13.8665,0.02013,,,,
107.668,13.90398,0.02174,,,,
107.669,13.94146,0.02303,,,,
107.67,13.97894,0.0236,,,,
107.671,14.01642,0.02341,,,,
107.672,14.0539,0.02256,,,,
107.673,14.09138,0.02131,,,,
107.674,14.12886,0.02017,,,,
107.675,14.16634,0.01955,,,,
107.676,14.20382,0.01962,,,,
107.677,14.2413,0.02035,,,,
107.678,14.27879,0.02148,,,,
107.679,14.31627,0.02261,,,,
107.68,14.35375,0.02346,,,,
107.681,14.39124,0.02397,,,,
107.682,14.42872,0.02419,,,,
107.683,14.4662,0.02442,,,,
107.684,14.50368,0.02501,,,,
107.685,14.54117,0.02598,,,,
107.686,14.57865,0.02723,,,,
107.687,14.61613,0.02902,,,,
107.688,14.65361,0.03164,,,,
107.689,14.69109,0.03483,,,,
107.69,14.72857,0.03797,,,,
107.691,14.76605,0.04011,,,,
107.692,14.80353,0.04055,,,,
107.693,14.84101,0.03945,,,,
107.694,14.87848,0.03752,,,,
107.695,14.91596,0.03569,,,,
107.696,14.95344,0.03485,,,,
107.697,14.99092,0.03541,,,,
107.698,15.0284,0.03699,,,,
107.699,15.06587,0.03874,,,,
107.7,15.10335,0.03993,,,,
107.701,15.14083,0.04014,,,,
107.702,15.1783,0.03948,,,,
107.703,15.21578,0.03853,,,,
107.704,15.25326,0.03782,,,,
107.705,15.29074,0.03741,,,,
107.706,15.32821,0.03707,,,,
107.707,15.36569,0.03658,,,,
107.708,15.40317,0.03582,,,,
107.709,15.44065,0.03475,,,,
107.71,15.47813,0.03342,,,,
107.711,15.51561,0.03193,,,,
107.712,15.55309,0.03044,,,,
107.713,15.59057,0.02922,,,,
107.714,15.62805,0.0284,,,,
107.715,15.66553,0.0279,,,,
107.716,15.70301,0.02758,,,,
107.717,15.74049,0.02729,,,,
107.718,15.77798,0.02703,,,,
107.719,15.81546,0.02685,,,,
107.72,15.85294,0.02675,,,,
107.721,15.89042,0.02666,,,,
107.722,15.9279,0.02649,,,,
107.723,15.96538,0.02628,,,,
107.724,16.00286,0.02599,,,,
107.725,16.04034,0.02563,,,,
107.726,16.07781,0.02541,,,,
107.727,16.11529,0.02533,,,,
107.728,16.15276,0.02539,,,,
107.729,16.19024,0.02568,,,,
107.73,16.22771,0.02611,,,,
107.731,16.26518,0.02654,,,,
107.732,16.30265,0.0269,,,,
107.733,16.34013,0.02702,,,,
107.734,16.3776,0.02674,,,,
107.735,16.41507,0.02627,,,,
107.736,16.45254,0.02578,,,,
107.737,16.49001,0.02533,,,,
107.738,16.52747,0.0249,,,,
107.739,16.56494,0.02453,,,,
107.74,16.60241,0.02424,,,,
107.741,16.63987,0.02383,,,,
107.742,16.67734,0.02325,,,,
107.743,16.71481,0.02255,,,,
107.744,16.75227,0.0217,,,,
107.745,16.78973,0.02079,,,,
107.746,16.8272,0.02005,,,,
107.747,16.86467,0.01961,,,,
107.748,16.90213,0.01948,,,,
107.749,16.9396,0.01943,,,,
107.75,16.97707,0.01924,,,,
107.751,17.01454,0.01925,,,,
107.752,17.05201,0.01978,,,,
107.753,17.08948,0.02078,,,,
107.754,17.12695,0.02216,,,,
107.755,17.16442,0.02389,,,,
107.756,17.20189,0.02562,,,,
107.757,17.23937,0.02695,,,,
107.758,17.27684,0.02796,,,,
107.759,17.31432,0.02895,,,,
107.76,17.3518,0.02987,,,,
107.761,17.38927,0.0305,,,,
107.762,17.42675,0.03076,,,,
107.763,17.46422,0.03082,,,,
107.764,17.5017,0.03091,,,,
107.765,17.53918,0.03117,,,,
107.766,17.57666,0.0315,,,,
107.767,17.61414,0.03179,,,,
107.768,17.65162,0.03199,,,,
107.769,17.6891,0.03197,,,,
107.77,17.72659,0.03183,,,,
107.771,17.76407,0.03177,,,,
107.772,17.80156,0.0317,,,,
107.773,17.83905,0.03155,,,,
107.774,17.87654,0.03147,,,,
107.775,17.91403,0.03142,,,,
107.776,17.95152,0.03129,,,,
107.777,17.98901,0.03104,,,,
107.778,18.02651,0.03081,,,,
107.779,18.064,0.03077,,,,
107.78,18.1015,0.03074,,,,
107.781,18.13899,0.03038,,,,
107.782,18.17649,0.02961,,,,
107.783,18.21399,0.0288,,,,
107.784,18.25148,0.02842,,,,
107.785,18.28898,0.02856,,,,
107.786,18.32648,0.02913,,,,
107.787,18.36398,0.03003,,,,
107.788,18.40148,0.03097,,,,
107.789,18.43897,0.0315,,,,
107.79,18.47647,0.03142,,,,
107.791,18.51397,0.0308,,,,
107.792,18.55147,0.02984,,,,
107.793,18.58898,0.02882,,,,
107.794,18.62648,0.02812,,,,
107.795,18.66398,0.02807,,,,
107.796,18.70148,0.02862,,,,
107.797,18.73898,0.02933,,,,
107.798,18.77648,0.02973,,,,
107.799,18.81399,0.02971,,,,
107.8,18.85148,0.02944,,,,
107.801,18.88899,0.02891,,,,
107.802,18.92648,0.02805,,,,
107.803,18.96398,0.02698,,,,
107.804,19.00148,0.02579,,,,
107.805,19.03897,0.0243,,,,
107.806,19.07647,0.02238,,,,
107.807,19.11396,0.02003,,,,
107.808,19.15146,0.01723,,,,
107.809,19.18895,0.01437,,,,
107.81,19.22644,0.01205,,,,
107.811,19.26394,0.01047,,,,
107.812,19.30143,0.00958,,,,
107.813,19.33892,0.00918,,,,
107.814,19.37642,0.00907,,,,
107.815,19.41391,0.00919,,,,
107.816,19.4514,0.00949,,,,
107.817,19.48889,0.0099,,,,
107.818,19.52638,0.01035,,,,
